id,npi,last_name,first_name,ssn,email
1,1548484710,Tebbe,Loise,273-54-4946,ltebbe0@macromedia.com
2,1760998223,Jaffra,Lenora,824-17-7268,ljaffra1@oracle.com
3,1255954731,Domingues,Elias,464-39-9632,edomingues2@pcworld.com
4,1649568403,Cottill,Jack,418-98-5363,jcottill3@odnoklassniki.ru
5,1639101116,Agronski,Arlene,827-31-7525,aagronski4@delicious.com
6,1700909983,Spurgin,Austin,101-42-5530,aspurgin5@hao123.com
7,1215189121,Forst,Bernardo,830-67-0652,bforst6@so-net.ne.jp
8,1295840007,Brizell,Flossie,778-26-5470,fbrizell7@so-net.ne.jp
9,1013275981,Gyrgorcewicx,Conant,703-84-3195,cgyrgorcewicx8@theglobeandmail.com
10,1952537664,Oakwell,Corrine,671-25-0163,coakwell9@archive.org
11,1396407839,Coldbathe,Emory,344-13-2009,ecoldbathea@ocn.ne.jp
12,1518463793,Purkiss,Ranna,834-55-8601,rpurkissb@about.me
13,1114141876,Hummerston,Cordie,552-84-2600,chummerstonc@cloudflare.com
14,1952480170,Blaza,Dean,860-67-4728,dblazad@dell.com
15,1578006789,Bloodworth,Deanne,276-38-3254,dbloodworthe@prlog.org
16,1477088904,Chrystie,Meriel,115-56-3512,mchrystief@goodreads.com
17,1477037877,Antognetti,Millard,822-57-6029,mantognettig@ted.com
18,1053704734,Simmens,Michel,586-11-5444,msimmensh@sakura.ne.jp
19,1326485665,Peegrem,Dallis,611-85-0613,dpeegremi@woothemes.com
20,1104830900,Beiderbeck,Marcelline,736-34-2521,mbeiderbeckj@hp.com
21,1023362571,Egalton,Robina,222-58-4088,regaltonk@linkedin.com
22,1912232794,Meachem,Eddie,156-63-2887,emeacheml@lycos.com
23,1518061522,Durston,Nara,597-86-3152,ndurstonm@seattletimes.com
24,1043029143,Braithwait,Dodie,490-88-1001,dbraithwaitn@reference.com
25,1821308834,Gyurko,Drucy,742-73-2147,dgyurkoo@cafepress.com
26,1265876346,Foan,Ediva,256-69-9423,efoanp@bloomberg.com
27,1700831120,Arrighini,Dunstan,622-48-1646,darrighiniq@illinois.edu
28,1922111855,Saurin,Aubrie,726-71-5414,asaurinr@sourceforge.net
29,1174040265,Manhood,Kikelia,785-23-4813,kmanhoods@163.com
30,1083728018,MacConnal,Caty,566-38-9894,cmacconnalt@deviantart.com
31,1568979680,Macieiczyk,Gregory,592-81-9213,gmacieiczyku@aboutads.info
32,1649227075,Traves,Merissa,172-60-5060,mtravesv@ucla.edu
33,1710540968,McElhinney,Rainer,307-23-3227,rmcelhinneyw@sogou.com
34,1740320894,Gumary,Guy,791-21-5928,ggumaryx@pen.io
35,1609007715,Boog,Belia,648-23-2101,bboogy@java.com
36,1124270426,McDuffie,Blondie,484-41-9320,bmcduffiez@pbs.org
37,1083750293,Slessar,Titos,367-16-8312,tslessar10@lycos.com
38,1952723967,Bartolommeo,Brena,590-86-9899,bbartolommeo11@rambler.ru
39,1427670397,Tresler,Marya,298-37-8793,mtresler12@printfriendly.com
40,1174644496,Makiver,Meggie,559-44-2979,mmakiver13@sbwire.com
41,1487921201,Gymlett,Stacee,132-65-3033,sgymlett14@ustream.tv
42,1891976247,Mathissen,Elisha,705-76-7478,emathissen15@last.fm
43,1245318609,Sweedy,Wandie,299-30-3032,wsweedy16@apple.com
44,1124339874,Alkins,Edlin,818-26-5945,ealkins17@reverbnation.com
45,1780704601,Eves,Urbain,818-56-1986,ueves18@wikipedia.org
46,1225252232,Wesgate,Carlota,386-22-4086,cwesgate19@archive.org
47,1215089602,Masseo,Yetta,715-66-2851,ymasseo1a@oaic.gov.au
48,1356670863,Pope,Rodie,530-85-3837,rpope1b@example.com
49,1447361258,Skeffington,Albert,494-17-8224,askeffington1c@telegraph.co.uk
50,1023335544,Moatt,Kat,701-93-7594,kmoatt1d@time.com
51,1689211146,Bolmann,Georgena,647-60-1205,gbolmann1e@blogspot.com
52,1033939129,Brixey,Tades,347-60-5831,tbrixey1f@simplemachines.org
53,1194023911,Baert,Ray,872-54-3962,rbaert1g@timesonline.co.uk
54,1831318021,Lavall,Gay,678-97-8423,glavall1h@oracle.com
55,1336284264,Vye,Bendite,284-39-7777,bvye1i@feedburner.com
56,1265610539,Please,Quintilla,868-02-5607,qplease1j@imdb.com
57,1255639043,Lonnon,Kenyon,828-05-1349,klonnon1k@icio.us
58,1548275134,Pien,Kelly,254-82-6694,kpien1l@bluehost.com
59,1184654212,Eastope,Oralee,525-43-2811,oeastope1m@disqus.com
60,1871554311,Sheehy,Tam,639-86-0713,tsheehy1n@vk.com
61,1760104889,Kynge,Rodie,846-76-7721,rkynge1o@about.me
62,1396854543,Ollerton,Cristabel,124-73-2622,collerton1p@miibeian.gov.cn
63,1568732873,Thomlinson,Nicolina,142-14-4268,nthomlinson1q@studiopress.com
64,1952392771,Dodell,Yvonne,703-91-2260,ydodell1r@shop-pro.jp
65,1073769329,Benmore,Wald,769-05-5427,wbenmore1s@vk.com
66,1255457826,Baughn,Mikael,713-84-8212,mbaughn1t@t.co
67,1053567305,Dagleas,Renaud,354-73-0292,rdagleas1u@abc.net.au
68,1962547026,Bowra,Lorette,238-55-4443,lbowra1v@chronoengine.com
69,1336289867,Ginity,Andrej,600-07-8586,aginity1w@indiegogo.com
70,1558700849,Piscopiello,Cortie,776-03-5292,cpiscopiello1x@cocolog-nifty.com
71,1992995906,Yesenev,Jacky,469-21-8340,jyesenev1y@house.gov
72,1093782872,Cumbridge,Kayley,311-86-3942,kcumbridge1z@tumblr.com
73,1427030774,Sempill,Jackie,505-57-6025,jsempill20@smugmug.com
74,1629310149,Valentelli,Ivette,657-01-8956,ivalentelli21@sohu.com
75,1356522783,Vaszoly,Danell,347-07-2287,dvaszoly22@eepurl.com
76,1891075479,Culvey,Desi,208-67-8239,dculvey23@arizona.edu
77,1861101479,Feasley,Tull,758-33-9567,tfeasley24@wiley.com
78,1467577015,Leary,Parke,116-27-8393,pleary25@dailymotion.com
79,1154745685,Bradly,Abdul,405-42-2906,abradly26@gnu.org
80,1669244539,Guerreau,Shep,607-91-4218,sguerreau27@senate.gov
81,1912388422,Beefon,Dorelia,770-23-3442,dbeefon28@stumbleupon.com
82,1184642894,Felmingham,Leanna,697-18-9125,lfelmingham29@lulu.com
83,1508068230,Chritchlow,Josselyn,437-07-3314,jchritchlow2a@weibo.com
84,1578884292,Baynam,Maude,662-97-5202,mbaynam2b@kickstarter.com
85,1326658154,Bloore,Glennie,813-41-5079,gbloore2c@posterous.com
86,1134137375,Harms,Rodolphe,497-73-0938,rharms2d@spiegel.de
87,1316142078,Treadgear,Dav,418-47-3155,dtreadgear2e@paginegialle.it
88,1639366461,Wincott,Nickolai,354-73-2578,nwincott2f@opera.com
89,1790396547,Bille,Margeaux,314-16-6757,mbille2g@google.com.au
90,1063464154,Arnet,Klarrisa,492-32-7616,karnet2h@cdc.gov
91,1871762518,De Banke,Vivi,741-89-1207,vdebanke2i@devhub.com
92,1427090265,Freckingham,Christi,619-22-5232,cfreckingham2j@usnews.com
93,1265981799,Sheasby,Ragnar,366-53-5941,rsheasby2k@forbes.com
94,1457415291,Garaway,Laurena,459-74-5005,lgaraway2l@typepad.com
95,1629309802,Fellos,Camellia,218-37-1594,cfellos2m@myspace.com
96,1598764987,Wyllcock,Lem,567-58-9062,lwyllcock2n@theglobeandmail.com
97,1164586087,Brogan,Alic,251-22-5595,abrogan2o@intel.com
98,1124596051,Donovin,Elroy,413-35-9390,edonovin2p@github.io
99,1316599541,Sporgeon,Alikee,226-41-3543,asporgeon2q@google.de
100,1205529146,Conerding,Ellswerth,770-82-7955,econerding2r@upenn.edu
101,1437188034,Giacopini,Tyrone,519-48-5097,tgiacopini2s@myspace.com
102,1710366075,Gameson,Puff,290-95-8223,pgameson2t@xrea.com
103,1669863601,Cawcutt,Justin,654-41-9173,jcawcutt2u@rakuten.co.jp
104,1629255153,Rumke,Kingston,226-22-5259,krumke2v@youtube.com
105,1760595623,Varndell,Niccolo,240-45-3764,nvarndell2w@wikimedia.org
106,1831264357,O'Heaney,Joe,448-07-6378,joheaney2x@odnoklassniki.ru
107,1902490394,Cavalier,Donaugh,543-45-0427,dcavalier2y@joomla.org
108,1073550133,Tarrier,Dolly,102-67-5733,dtarrier2z@hexun.com
109,1619136140,Leatt,Jeremie,587-96-3819,jleatt30@so-net.ne.jp
110,1780997924,Lingard,Malissia,822-69-6158,mlingard31@instagram.com
111,1124072103,Rollo,Maren,249-86-4705,mrollo32@utexas.edu
112,1811025216,Wearing,Rivalee,495-22-8767,rwearing33@intel.com
113,1710374715,Barr,Junie,142-21-4861,jbarr34@irs.gov
114,1124598362,Esselin,Ofelia,520-94-6707,oesselin35@flickr.com
115,1023458148,Whatling,Barty,278-68-1996,bwhatling36@soundcloud.com
116,1801853023,Myton,Cosimo,821-51-7848,cmyton37@nih.gov
117,1962501957,De Domenicis,Lem,684-96-4746,ldedomenicis38@mayoclinic.com
118,1164708483,Mussolini,Margit,834-26-5334,mmussolini39@example.com
119,1659411106,Rollitt,Ashlen,668-24-0409,arollitt3a@macromedia.com
120,1679740815,Doick,Belia,486-56-5719,bdoick3b@alibaba.com
121,1003943978,Vyel,Beret,366-54-0167,bvyel3c@adobe.com
122,1548891369,Mattiessen,Stevie,886-90-6311,smattiessen3d@yale.edu
123,1205860475,Kobel,Lilly,276-72-1298,lkobel3e@virginia.edu
124,1780125005,Liquorish,Bekki,346-88-0937,bliquorish3f@ow.ly
125,1932385283,Edmett,Ranna,613-90-9584,redmett3g@noaa.gov
126,1588104475,Hast,Vasilis,774-30-1706,vhast3h@youtube.com
127,1447607767,Gentsch,Eleanora,561-46-4234,egentsch3i@woothemes.com
128,1760204721,Harlowe,Germana,802-14-8829,gharlowe3j@google.de
129,1013082783,Fiveash,Alasdair,353-49-9960,afiveash3k@vimeo.com
130,1245252220,Dutton,Lola,509-38-2255,ldutton3l@upenn.edu
131,1740487859,Engelmann,Kellina,634-72-7794,kengelmann3m@webs.com
132,1548799364,Levane,Sibeal,285-15-5035,slevane3n@pen.io
133,1841382116,Laydon,Priscilla,498-96-4060,playdon3o@google.pl
134,1295706810,Latty,Stanleigh,182-24-4092,slatty3p@apache.org
135,1861661753,Charlwood,Kenny,466-58-6034,kcharlwood3q@nasa.gov
136,1316505043,Brasener,Sly,563-88-6491,sbrasener3r@shop-pro.jp
137,1851054068,Wewell,Zackariah,141-48-6868,zwewell3s@disqus.com
138,1609464106,Brambell,Claiborne,555-25-7001,cbrambell3t@tinyurl.com
139,1053655647,Mackleden,Virgilio,462-51-6328,vmackleden3u@archive.org
140,1104843614,Tildesley,Denny,308-63-4637,dtildesley3v@npr.org
141,1689853210,Yerborn,Lanni,174-43-4160,lyerborn3w@fastcompany.com
142,1902878515,Labbett,Wood,807-49-1168,wlabbett3x@photobucket.com
143,1346357399,Dermot,Wake,312-67-9786,wdermot3y@a8.net
144,1922078815,Yitzovicz,Nicola,513-74-4923,nyitzovicz3z@hao123.com
145,1477712305,Tapenden,Gibbie,375-30-5954,gtapenden40@google.cn
146,1821186479,Haldin,Cchaddie,657-21-0611,chaldin41@devhub.com
147,1972697100,Dunlap,Aubrie,546-83-4931,adunlap42@github.io
148,1700370806,Gurg,Verena,868-77-9413,vgurg43@washingtonpost.com
149,1366416208,Chimenti,Eduino,206-81-0501,echimenti44@microsoft.com
150,1780900605,Sallis,Gael,787-37-0039,gsallis45@xrea.com
151,1578108718,Spawforth,Fayre,209-01-8513,fspawforth46@deviantart.com
152,1750586822,Chyuerton,Skipp,742-28-2810,schyuerton47@google.de
153,1518273515,Cundict,Richy,668-34-5108,rcundict48@webs.com
154,1245300425,Nare,Jakob,324-23-2139,jnare49@symantec.com
155,1942254529,Coath,Murial,270-63-5048,mcoath4a@etsy.com
156,1851389365,Tanswell,Geoff,837-34-2000,gtanswell4b@about.me
157,1780117259,Zoellner,Dede,569-43-8544,dzoellner4c@globo.com
158,1376942656,Mindenhall,Worth,867-95-6002,wmindenhall4d@weibo.com
159,1245240654,Pitcock,Kessiah,836-28-5471,kpitcock4e@ehow.com
160,1750518528,Szymonowicz,Christan,234-21-9360,cszymonowicz4f@goo.ne.jp
161,1629184304,Vanni,Godwin,825-74-5333,gvanni4g@ow.ly
162,1386822898,Greer,Dino,564-91-5735,dgreer4h@cnbc.com
163,1346217676,Labrom,Nina,271-73-3760,nlabrom4i@oakley.com
164,1295030013,Ojeda,Gertruda,513-12-6957,gojeda4j@tinypic.com
165,1699185843,Jopke,Obadiah,193-33-9074,ojopke4k@shareasale.com
166,1487923744,Avey,Arvin,321-69-2367,aavey4l@guardian.co.uk
167,1972557379,Dodds,Gerard,316-60-7872,gdodds4m@parallels.com
168,1467642074,Lockner,Tera,532-47-8411,tlockner4n@archive.org
169,1184805301,Bollin,Meggi,709-87-9898,mbollin4o@nbcnews.com
170,1518212000,Bleibaum,Mureil,899-55-8600,mbleibaum4p@umich.edu
171,1295700946,Bly,Ber,730-56-8703,bbly4q@google.it
172,1679173926,Lesper,Grannie,784-90-5524,glesper4r@google.com.br
173,1437201175,Philot,Martie,210-16-3298,mphilot4s@archive.org
174,1154561231,Moulton,Fancie,864-19-8765,fmoulton4t@wiley.com
175,1952429045,Paddeley,Tiebout,313-13-5876,tpaddeley4u@mysql.com
176,1407284540,Ivashnikov,Tilda,305-78-3806,tivashnikov4v@odnoklassniki.ru
177,1285285874,Pimerick,Alicea,588-09-5191,apimerick4w@nyu.edu
178,1740327311,Duligal,Charley,381-27-4890,cduligal4x@npr.org
179,1659539567,Ayres,Corrie,727-42-9525,cayres4y@smugmug.com
180,1730213836,Jumont,Rosabella,266-61-7573,rjumont4z@google.pl
181,1699152702,Tolhurst,Mame,392-64-9086,mtolhurst50@abc.net.au
182,1376007476,Clendening,Cordie,117-53-3765,cclendening51@newsvine.com
183,1770762403,Pollak,Devon,639-65-8387,dpollak52@ucla.edu
184,1912956558,Kindleysides,Mellisent,109-49-3706,mkindleysides53@abc.net.au
185,1124175039,Collison,Octavia,112-09-7600,ocollison54@theatlantic.com
186,1023554318,Barbosa,Tierney,402-65-3788,tbarbosa55@elegantthemes.com
187,1417916347,Friedman,Adara,376-31-3917,afriedman56@is.gd
188,1235950650,Minter,Raeann,458-95-4793,rminter57@google.com.br
189,1831226273,Markova,Adrian,435-92-5571,amarkova58@ow.ly
190,1629648217,Aslam,Kathryn,620-10-6604,kaslam59@nsw.gov.au
191,1801866728,Friary,Conway,636-32-9397,cfriary5a@deliciousdays.com
192,1023467156,MacGuiness,Corinne,839-57-8475,cmacguiness5b@webmd.com
193,1881738607,Roumier,Simmonds,722-80-2585,sroumier5c@is.gd
194,1841306099,Keri,Charil,310-97-5248,ckeri5d@dion.ne.jp
195,1346381217,Allsupp,Stewart,333-67-1508,sallsupp5e@shinystat.com
196,1285068924,Caplan,Elyssa,350-60-1815,ecaplan5f@google.co.jp
197,1750324893,Oherlihy,Hobie,459-34-7204,hoherlihy5g@ucla.edu
198,1730360835,Zorener,Langston,323-25-3920,lzorener5h@barnesandnoble.com
199,1265662498,Kollasch,Marylin,398-60-4245,mkollasch5i@amazon.de
200,1346954930,Delgardillo,Brantley,135-74-3911,bdelgardillo5j@1und1.de
201,1912367491,Simkins,Wynnie,322-33-3384,wsimkins5k@scientificamerican.com
202,1134189376,Toyer,Frazier,879-52-1674,ftoyer5l@macromedia.com
203,1285845537,Boatwright,Traci,575-49-1845,tboatwright5m@jiathis.com
204,1538128566,Durdan,Ilyse,579-21-3767,idurdan5n@linkedin.com
205,1295442713,Woofenden,Elaina,178-18-2277,ewoofenden5o@pen.io
206,1982793543,Limon,Carmelita,450-29-9743,climon5p@oracle.com
207,1598830887,Fosdick,Mattheus,105-38-9431,mfosdick5q@answers.com
208,1952743031,Snalom,Rafaellle,633-22-5547,rsnalom5r@apache.org
209,1427300169,Risbridger,Ced,365-34-3012,crisbridger5s@geocities.jp
210,1639123615,Dymocke,Ilysa,890-15-8742,idymocke5t@hc360.com
211,1215613880,Hultberg,Lemmie,295-87-1807,lhultberg5u@auda.org.au
212,1487958351,Jacquemet,Manny,135-15-4659,mjacquemet5v@salon.com
213,1588776090,Pointing,Franny,810-87-8885,fpointing5w@github.com
214,1255981809,Brobyn,Andreana,695-36-7171,abrobyn5x@illinois.edu
215,1982739082,Noonan,Dannye,867-70-4104,dnoonan5y@youtube.com
216,1306897491,OIlier,Shayla,247-19-3283,soilier5z@tinyurl.com
217,1497832646,Snozzwell,Lulita,888-76-9681,lsnozzwell60@shutterfly.com
218,1245211168,Donegan,Ansell,727-71-4804,adonegan61@independent.co.uk
219,1487771812,Pawlyn,Fleur,370-61-9057,fpawlyn62@sun.com
220,1962166678,Jobes,Lewiss,303-74-7706,ljobes63@nbcnews.com
221,1619903481,Bidewell,Jule,435-79-1104,jbidewell64@wunderground.com
222,1811913668,Pierro,Blinnie,635-22-3850,bpierro65@4shared.com
223,1477941375,Mitie,Aleksandr,367-27-3522,amitie66@surveymonkey.com
224,1386646131,Gedney,Gretchen,131-80-2700,ggedney67@unc.edu
225,1548350713,Jemmett,Ebeneser,664-55-6593,ejemmett68@mashable.com
226,1124155809,Ingre,Elfrieda,710-57-2235,eingre69@xinhuanet.com
227,1144348764,Denyakin,Lorelle,583-07-4670,ldenyakin6a@icq.com
228,1992084198,Baseley,Ninnetta,371-39-5885,nbaseley6b@sciencedirect.com
229,1376220186,McLeoid,Davey,450-86-2102,dmcleoid6c@msu.edu
230,1285621839,Burn,Bary,205-18-1666,bburn6d@msn.com
231,1265277834,Stittle,Britt,631-83-7078,bstittle6e@bigcartel.com
232,1053415745,Novotne,Harley,741-93-4533,hnovotne6f@stumbleupon.com
233,1568466209,Grummitt,Perry,757-90-2388,pgrummitt6g@house.gov
234,1528087459,Bony,Davy,760-41-7749,dbony6h@seattletimes.com
235,1629457841,L'argent,Terry,351-23-5264,tlargent6i@alibaba.com
236,1265620090,Gethen,Libbi,166-98-1325,lgethen6j@gizmodo.com
237,1518334523,Fullbrook,Jennette,471-49-2626,jfullbrook6k@multiply.com
238,1336339241,Hollibone,Raphael,344-11-2697,rhollibone6l@tmall.com
239,1609226539,Del Monte,Karleen,841-11-9656,kdelmonte6m@wunderground.com
240,1194895870,Smithers,Wye,700-76-8275,wsmithers6n@amazon.co.uk
241,1598840258,Culwen,Eachelle,822-79-6651,eculwen6o@dion.ne.jp
242,1619176641,Blasoni,Stewart,617-23-5843,sblasoni6p@icq.com
243,1598183246,Handes,Marylou,122-54-5058,mhandes6q@ibm.com
244,1578543146,Chatband,Berny,428-82-7478,bchatband6r@deviantart.com
245,1649324278,Folkard,Willie,158-49-4226,wfolkard6s@tamu.edu
246,1316305816,Szymanek,Tiertza,689-08-5079,tszymanek6t@java.com
247,1497170849,MacNab,Wallis,697-02-7071,wmacnab6u@alexa.com
248,1629166277,Mackie,Millard,591-78-3389,mmackie6v@tiny.cc
249,1366532228,Snazel,Hetti,713-34-3218,hsnazel6w@chicagotribune.com
250,1427366368,Jerman,Corbet,393-57-6854,cjerman6x@blogspot.com
251,1326208737,Magner,Denys,192-53-7426,dmagner6y@youtu.be
252,1629251277,Jeckells,Gustavus,647-29-0534,gjeckells6z@prweb.com
253,1336371921,Beushaw,Nani,175-44-8960,nbeushaw70@unesco.org
254,1730337940,Dudson,Mac,751-10-6947,mdudson71@networksolutions.com
255,1386143485,Arlott,Odele,480-50-2349,oarlott72@patch.com
256,1255916508,Hawler,Richard,142-22-2089,rhawler73@shareasale.com
257,1124364286,Enterlein,Michel,234-50-5509,menterlein74@sogou.com
258,1386659282,Tincombe,Aggi,148-32-4227,atincombe75@shop-pro.jp
259,1427044452,Moggie,Opal,470-32-0235,omoggie76@pen.io
260,1063493237,Mordon,Les,790-94-7882,lmordon77@chron.com
261,1952510786,Pinel,Tamma,319-40-9605,tpinel78@engadget.com
262,1124384383,Varey,Larina,670-40-4418,lvarey79@globo.com
263,1336575059,Evensden,Gwynne,679-35-7271,gevensden7a@earthlink.net
264,1578947834,Dewing,Kori,614-96-6298,kdewing7b@narod.ru
265,1407440316,Stucke,Roosevelt,888-27-6371,rstucke7c@guardian.co.uk
266,1386953727,Manuele,Melania,742-45-1471,mmanuele7d@census.gov
267,1376843177,Mathivon,Lynna,860-34-5888,lmathivon7e@wired.com
268,1184072662,Weight,Nicol,509-93-4975,nweight7f@macromedia.com
269,1770195224,Viegas,Kermie,306-76-4133,kviegas7g@tripod.com
270,1508961988,Loakes,Cosmo,399-92-8892,cloakes7h@cyberchimps.com
271,1669677043,Mountlow,Mersey,754-47-9853,mmountlow7i@vinaora.com
272,1265763866,Docwra,Sidnee,115-25-3051,sdocwra7j@usa.gov
273,1225383524,Idle,Hilton,648-03-4874,hidle7k@dyndns.org
274,1174017362,Tillot,Doralynne,581-83-9976,dtillot7l@cloudflare.com
275,1285107987,Hamstead,Essie,368-09-0073,ehamstead7m@icio.us
276,1881177756,Trownson,Drusie,679-98-4570,dtrownson7n@nymag.com
277,1528354016,Rodolf,Jethro,819-36-6861,jrodolf7o@mit.edu
278,1710432240,MacCauley,Jonell,310-67-6497,jmaccauley7p@princeton.edu
279,1649638008,Oleksiak,Dore,496-42-8475,doleksiak7q@sun.com
280,1639407182,Ridgley,Clarance,472-66-6442,cridgley7r@princeton.edu
281,1801036561,Heaker,Flor,808-16-2648,fheaker7s@discuz.net
282,1215128145,Dainton,Prince,244-47-3491,pdainton7t@who.int
283,1528254091,Hearsum,Petronilla,387-98-7297,phearsum7u@a8.net
284,1922054287,Steckings,Abner,184-89-7424,asteckings7v@purevolume.com
285,1174870943,Wadworth,Milissent,828-56-3318,mwadworth7w@gnu.org
286,1558828467,Titterton,Anabel,797-65-3189,atitterton7x@goo.gl
287,1952373557,Ickovicz,Theressa,325-47-6643,tickovicz7y@mac.com
288,1730288788,Rieflin,Carr,873-65-1670,crieflin7z@wunderground.com
289,1730414244,Spanton,Sapphire,822-78-0853,sspanton80@wikia.com
290,1689139446,Lubman,Lazar,825-32-3065,llubman81@noaa.gov
291,1215344965,Grisewood,Monica,523-54-9172,mgrisewood82@alexa.com
292,1881460855,Doran,Adrea,400-39-9238,adoran83@cnn.com
293,1043372170,Tipperton,Basilius,520-91-9283,btipperton84@admin.ch
294,1114069028,Barrowclough,Hugues,392-69-3107,hbarrowclough85@prlog.org
295,1720372121,Toye,Glynnis,205-07-9729,gtoye86@posterous.com
296,1447217567,Yearnsley,Astrix,668-41-0149,ayearnsley87@utexas.edu
297,1235811241,Jendrys,Nikolas,271-39-6977,njendrys88@ehow.com
298,1942515044,Ipsgrave,Clayton,253-51-3064,cipsgrave89@icq.com
299,1700233707,Rodge,Jacenta,171-06-5264,jrodge8a@goodreads.com
300,1205232428,Cordel,Tamara,704-75-4746,tcordel8b@wired.com
301,1518139146,Guerreru,Claudetta,127-37-8443,cguerreru8c@who.int
302,1194062307,Tawse,Elysee,890-26-1343,etawse8d@gov.uk
303,1346883923,Helkin,Shane,616-06-8181,shelkin8e@thetimes.co.uk
304,1316910714,Twitching,Reine,538-18-8508,rtwitching8f@cbslocal.com
305,1881461630,Mazey,Livvyy,493-87-3781,lmazey8g@mashable.com
306,1588679898,Barff,Aigneis,679-74-1192,abarff8h@ucla.edu
307,1225023963,Brearty,Gale,529-72-1112,gbrearty8i@t-online.de
308,1992528657,Deakan,Tam,319-89-6317,tdeakan8j@rakuten.co.jp
309,1356388227,Sabey,Julianne,658-63-2282,jsabey8k@google.com.au
310,1679561468,Woolfenden,Gusty,116-37-0085,gwoolfenden8l@craigslist.org
311,1215314182,Yakunin,Kirsteni,376-27-1241,kyakunin8m@nymag.com
312,1700444619,Tillyer,Laure,524-12-9687,ltillyer8n@digg.com
313,1205329448,Philipp,Glenna,533-94-9964,gphilipp8o@ca.gov
314,1497170849,Drabble,Tess,742-92-8919,tdrabble8p@opensource.org
315,1548828676,Girkins,Marshall,338-70-8809,mgirkins8q@tuttocitta.it
316,1003929852,Geill,Maryellen,379-53-6961,mgeill8r@spotify.com
317,1720342066,Oaker,Sapphira,567-48-6286,soaker8s@sakura.ne.jp
318,1982994224,Gilloran,Noll,283-44-8976,ngilloran8t@newsvine.com
319,1386383685,Moverley,Lion,890-43-8747,lmoverley8u@ucoz.com
320,1841275070,Mulvin,Lissi,371-91-0412,lmulvin8v@hao123.com
321,1780878405,Andreix,Cheryl,150-35-0251,candreix8w@cpanel.net
322,1497857437,Lambertazzi,Roberta,273-78-6313,rlambertazzi8x@gmpg.org
323,1023576956,Dobkin,Leanna,308-02-1780,ldobkin8y@mozilla.com
324,1790939940,Nornable,Sherie,759-03-8881,snornable8z@netlog.com
325,1124054317,Dominetti,Rani,791-62-9369,rdominetti90@ox.ac.uk
326,1114969169,Naulty,Kylila,249-81-6233,knaulty91@prlog.org
327,1316158793,Flescher,Magda,281-48-6808,mflescher92@blogs.com
328,1548947542,Bamb,Hodge,155-59-9348,hbamb93@sun.com
329,1740648856,Wyre,Cece,560-93-2557,cwyre94@acquirethisname.com
330,1972546174,Widdowson,Amby,350-16-9726,awiddowson95@smugmug.com
331,1972778272,Menendez,Bert,574-89-7616,bmenendez96@google.es
332,1700983236,Bauser,Titus,220-31-6693,tbauser97@sourceforge.net
333,1821619560,Yarr,Hendrick,227-25-6965,hyarr98@ning.com
334,1558652065,de Keyser,Dianemarie,394-82-3023,ddekeyser99@phoca.cz
335,1093899957,Suller,Alysa,649-48-0413,asuller9a@simplemachines.org
336,1124880133,Haskew,Christopher,749-31-3504,chaskew9b@networkadvertising.org
337,1861596595,Fenty,Dieter,381-21-2600,dfenty9c@hud.gov
338,1801966585,Dimock,Camellia,329-84-8513,cdimock9d@wikimedia.org
339,1164697629,Barrim,Latia,346-41-1280,lbarrim9e@dyndns.org
340,1376562678,Reedman,Evania,845-09-9398,ereedman9f@reverbnation.com
341,1669567335,Corssen,Maribelle,817-63-3226,mcorssen9g@cnbc.com
342,1053550996,Versey,Addison,274-56-0418,aversey9h@exblog.jp
343,1710042973,Wilne,Doloritas,845-19-2925,dwilne9i@cnn.com
344,1174836852,Hobbema,Dyann,797-96-2143,dhobbema9j@prlog.org
345,1780194464,Stuer,Dorolice,458-99-4817,dstuer9k@artisteer.com
346,1134151343,Kix,Keri,816-20-4942,kkix9l@vinaora.com
347,1669643631,Valde,Ganny,849-75-5129,gvalde9m@upenn.edu
348,1225441710,Glavis,Ettie,784-19-0083,eglavis9n@delicious.com
349,1255882353,Fawley,Prentice,641-44-1178,pfawley9o@360.cn
350,1568535748,Chotty,Arlee,597-90-5021,achotty9p@wired.com
351,1619164001,Dullingham,Garvey,651-89-5792,gdullingham9q@multiply.com
352,1841485026,Lates,Yehudi,183-65-6342,ylates9r@howstuffworks.com
353,1215053475,Sivills,Tanner,669-82-8822,tsivills9s@elegantthemes.com
354,1336475748,Strettell,Carlita,308-53-4383,cstrettell9t@edublogs.org
355,1396235610,Smolan,Rickard,216-25-6747,rsmolan9u@xrea.com
356,1689848491,MacAiline,Koren,400-35-9869,kmacailine9v@people.com.cn
357,1205065968,Maxstead,Bonnibelle,738-85-7901,bmaxstead9w@umn.edu
358,1912486820,Boltwood,Rosabelle,613-71-5192,rboltwood9x@businessinsider.com
359,1891208633,MacConnel,Mariellen,373-36-1197,mmacconnel9y@bloglines.com
360,1255484937,McKain,Lenka,813-51-4171,lmckain9z@loc.gov
361,1164535431,Lochet,Dalston,845-51-2415,dlocheta0@aol.com
362,1871783019,Ruff,Bunnie,388-67-7762,bruffa1@photobucket.com
363,1992586127,Ettery,Urson,275-79-0509,uetterya2@free.fr
364,1790196657,Denyer,Devondra,276-43-2518,ddenyera3@dagondesign.com
365,1104045228,Meineking,Kain,826-60-9946,kmeinekinga4@domainmarket.com
366,1083943617,Pursehouse,Emalee,779-88-9990,epursehousea5@fotki.com
367,1639233257,Bavin,Farrel,401-23-8758,fbavina6@sun.com
368,1356727457,Fawlks,Gerrilee,247-63-5302,gfawlksa7@mapy.cz
369,1598708836,Duffet,Windham,112-89-2446,wduffeta8@icio.us
370,1225072853,Borley,Elijah,507-78-8014,eborleya9@icq.com
371,1629057229,Clitheroe,Sigismondo,347-98-2503,sclitheroeaa@patch.com
372,1447309356,Skally,Othelia,365-54-0807,oskallyab@weibo.com
373,1700341872,Graeber,Farrel,457-89-2114,fgraeberac@spiegel.de
374,1467698076,Dufore,Marie-jeanne,122-98-9179,mduforead@usgs.gov
375,1245272012,Klausewitz,Risa,384-02-3963,rklausewitzae@hao123.com
376,1841398823,Wall,Giulia,340-37-2083,gwallaf@twitpic.com
377,1528161676,McGlone,Horatius,433-08-4382,hmcgloneag@livejournal.com
378,1386699106,Cowthard,Vera,608-34-1281,vcowthardah@accuweather.com
379,1760519334,Halesworth,Auberon,202-33-4162,ahalesworthai@stumbleupon.com
380,1609071414,Attwooll,Othelia,584-26-4201,oattwoollaj@bbb.org
381,1982915856,Benettelli,Darya,380-89-7792,dbenettelliak@163.com
382,1790112571,Georgeou,Carmon,294-38-4714,cgeorgeoual@tuttocitta.it
383,1356808208,Ivashin,Gabriela,475-20-2288,givashinam@prweb.com
384,1376680751,Burbridge,Rupert,308-88-6936,rburbridgean@simplemachines.org
385,1962626598,MacConchie,Eada,328-72-1361,emacconchieao@admin.ch
386,1609514983,Mulcaster,Cece,418-62-3651,cmulcasterap@lulu.com
387,1417014564,Boucher,Jeddy,299-34-3696,jboucheraq@toplist.cz
388,1023199908,Feacham,Bartolomeo,863-74-9850,bfeachamar@blogtalkradio.com
389,1659380210,Chitty,Mercie,769-36-6726,mchittyas@prweb.com
390,1588086060,Hussy,Kaycee,147-33-6924,khussyat@miibeian.gov.cn
391,1073156410,Le Grice,Blayne,391-05-3076,blegriceau@europa.eu
392,1306290853,Rickets,Anet,828-43-4196,aricketsav@wisc.edu
393,1467682567,Sentance,Christophe,277-72-5606,csentanceaw@elegantthemes.com
394,1922054287,Reavey,Zoe,567-36-3335,zreaveyax@adobe.com
395,1821242926,Genty,Rebe,435-64-4659,rgentyay@aboutads.info
396,1700551199,Guppie,Michal,878-76-4256,mguppieaz@sitemeter.com
397,1871564419,Lembke,Meredith,858-94-9146,mlembkeb0@dmoz.org
398,1780621607,Yokley,Layney,142-15-0032,lyokleyb1@godaddy.com
399,1235222670,Woodington,Catherina,156-39-0449,cwoodingtonb2@cnn.com
400,1992860910,Carleton,Wyndham,314-08-1642,wcarletonb3@arizona.edu
401,1780076794,Linck,Hayes,504-93-2508,hlinckb4@blinklist.com
402,1689787897,Morin,Burch,817-55-3164,bmorinb5@istockphoto.com
403,1477360097,Henbury,Isador,625-50-5909,ihenburyb6@patch.com
404,1659566867,Gilders,Locke,678-85-4682,lgildersb7@sina.com.cn
405,1669790309,Andre,Janet,673-66-2822,jandreb8@flickr.com
406,1710442801,Brafferton,Corri,278-35-4763,cbraffertonb9@infoseek.co.jp
407,1891051249,Chelsom,Mal,230-51-3792,mchelsomba@marriott.com
408,1376548370,Lyvon,Cordy,632-11-1975,clyvonbb@telegraph.co.uk
409,1750757233,Umpleby,Jeramie,623-48-4184,jumplebybc@ft.com
410,1962845057,Bleue,Brunhilda,386-60-0907,bbleuebd@geocities.com
411,1528701141,Celle,Clywd,570-13-2771,ccellebe@ameblo.jp
412,1699757401,Gatrell,Sergent,225-52-1208,sgatrellbf@lulu.com
413,1639220031,Chamney,Elora,404-50-2060,echamneybg@indiatimes.com
414,1649332636,Crawley,Ermentrude,562-07-0907,ecrawleybh@domainmarket.com
415,1275612673,Crut,Jerrome,129-72-5853,jcrutbi@go.com
416,1407674039,Merritt,Reena,892-94-2414,rmerrittbj@bbc.co.uk
417,1659871457,O' Quirk,Rivalee,123-43-0969,roquirkbk@studiopress.com
418,1386771053,Collinwood,Marylou,813-56-7410,mcollinwoodbl@fastcompany.com
419,1578897690,Noraway,Lester,384-10-7964,lnorawaybm@wordpress.com
420,1346608924,Charte,Orville,685-15-2115,ochartebn@trellian.com
421,1942402383,Deakin,Bud,244-98-9082,bdeakinbo@google.com
422,1821112046,Tennick,Stephine,116-67-0151,stennickbp@alexa.com
423,1366774093,Petrescu,Hannah,878-70-0857,hpetrescubq@epa.gov
424,1700922952,Junes,Hestia,648-08-1514,hjunesbr@cocolog-nifty.com
425,1831115641,Drable,Prince,569-76-2637,pdrablebs@360.cn
426,1851579262,Klemencic,Celestine,366-48-1517,cklemencicbt@mapy.cz
427,1316780364,Buchett,Willa,519-41-9654,wbuchettbu@amazon.de
428,1790236677,Rearden,Wallie,223-71-9376,wreardenbv@wikimedia.org
429,1194734913,Scaife,Brendis,878-86-6284,bscaifebw@skype.com
430,1619938149,Stockle,Shir,102-86-5933,sstocklebx@weibo.com
431,1093119877,Kenninghan,Bernardo,725-23-7710,bkenninghanby@prweb.com
432,1043275936,Daveren,Sherie,751-24-1684,sdaverenbz@indiegogo.com
433,1790397784,Swane,Jo ann,596-95-1032,jswanec0@ycombinator.com
434,1841239795,MacCaffrey,Lacey,779-21-7108,lmaccaffreyc1@shop-pro.jp
435,1386715241,Hadcroft,Adah,348-83-0619,ahadcroftc2@joomla.org
436,1952823783,Syred,Sella,463-63-5542,ssyredc3@prnewswire.com
437,1710430822,Dosdale,Britt,871-81-9403,bdosdalec4@unc.edu
438,1871074096,Molnar,Ibrahim,814-45-2859,imolnarc5@newyorker.com
439,1013627967,Baser,Emery,358-80-6141,ebaserc6@mail.ru
440,1033132980,Dengate,Minna,214-62-8410,mdengatec7@instagram.com
441,1598845828,Vankov,Lyman,413-20-4078,lvankovc8@parallels.com
442,1053485193,Insko,Arte,766-22-1840,ainskoc9@oakley.com
443,1083718241,Caldaro,Caro,674-65-4442,ccaldaroca@hatena.ne.jp
444,1740991298,Dellatorre,Reuven,173-36-9999,rdellatorrecb@tamu.edu
445,1861884496,Kures,Willard,879-74-8175,wkurescc@vkontakte.ru
446,1245633528,Zimek,Anabal,499-33-9648,azimekcd@walmart.com
447,1699946897,Ivashnikov,Nedda,518-90-0880,nivashnikovce@theglobeandmail.com
448,1881640118,Dorro,Robb,665-66-8518,rdorrocf@multiply.com
449,1245282227,Sproule,Onida,518-58-4058,osproulecg@feedburner.com
450,1063005601,Yancey,Margot,353-60-0055,myanceych@rediff.com
451,1174562649,Sweatland,Dinah,173-59-2195,dsweatlandci@infoseek.co.jp
452,1588644348,Swalteridge,Benny,790-44-7118,bswalteridgecj@prnewswire.com
453,1043262082,Sesser,Bertram,389-23-7128,bsesserck@scientificamerican.com
454,1003359241,Manders,Doralynn,706-81-0177,dmanderscl@bigcartel.com
455,1275587263,Laundon,Erin,388-14-6414,elaundoncm@woothemes.com
456,1083811152,Curnock,Leia,702-74-7894,lcurnockcn@netlog.com
457,1568785129,Cecchetelli,Melita,291-68-0339,mcecchetellico@icq.com
458,1760817266,Cheverell,Mandy,651-38-5486,mcheverellcp@boston.com
459,1649367186,Tibols,Myrna,716-17-8690,mtibolscq@businesswire.com
460,1528225588,Seifert,Ettore,284-37-9168,eseifertcr@businesswire.com
461,1811905375,Bramo,Felicle,262-53-0914,fbramocs@squarespace.com
462,1285729673,Copyn,Jerrylee,897-24-3916,jcopynct@diigo.com
463,1780076794,Rusted,Maridel,725-94-9231,mrustedcu@hatena.ne.jp
464,1295862647,Luckie,Terry,142-48-9522,tluckiecv@washingtonpost.com
465,1073743837,Gibbin,Reynold,262-19-7229,rgibbincw@weather.com
466,1942755384,Felipe,Margi,517-45-8330,mfelipecx@lulu.com
467,1407821457,Raw,Vivianne,850-64-7502,vrawcy@usatoday.com
468,1467205112,Weekley,Sybilla,837-53-5444,sweekleycz@nydailynews.com
469,1013064575,Yeiles,Harley,299-72-3016,hyeilesd0@lulu.com
470,1861923864,Hamly,Pedro,792-28-9424,phamlyd1@people.com.cn
471,1063409977,Roskelley,Dee dee,359-25-8057,droskelleyd2@google.nl
472,1992053946,Campione,Danyette,290-26-9799,dcampioned3@nymag.com
473,1922438415,Raw,Dilan,223-52-3524,drawd4@hexun.com
474,1598923633,Hebbron,Ulysses,104-19-5504,uhebbrond5@woothemes.com
475,1043395247,Skune,Jeanette,483-54-8367,jskuned6@diigo.com
476,1548230683,Keitch,Edgard,601-44-5056,ekeitchd7@about.com
477,1487716890,Fetteplace,Mack,110-46-2199,mfetteplaced8@cdc.gov
478,1467765909,Guerriero,Webb,835-78-2225,wguerrierod9@sohu.com
479,1780444133,Griffoen,Bartram,265-74-7220,bgriffoenda@bizjournals.com
480,1467538520,Simnel,Ayn,468-15-8255,asimneldb@dmoz.org
481,1972545879,Bannester,Anabella,704-90-5520,abannesterdc@163.com
482,1134509649,Kopisch,Garvin,876-25-5558,gkopischdd@unesco.org
483,1164400131,Culleford,Buffy,220-44-9890,bcullefordde@clickbank.net
484,1083631766,Scriviner,Henderson,844-91-5681,hscrivinerdf@google.fr
485,1154871143,Langcastle,Stu,343-18-6448,slangcastledg@homestead.com
486,1184731481,Hutchence,Dido,698-20-3848,dhutchencedh@naver.com
487,1588890909,MacDunlevy,Nanete,332-17-6445,nmacdunlevydi@techcrunch.com
488,1164725362,Jenken,Bonny,685-14-8714,bjenkendj@tamu.edu
489,1730280025,Bickersteth,Rafaelita,515-32-5696,rbickerstethdk@1und1.de
490,1295983591,Flockhart,Ailyn,321-63-8394,aflockhartdl@4shared.com
491,1164889457,Maltby,Greer,733-08-7796,gmaltbydm@constantcontact.com
492,1649628249,Eringey,D'arcy,374-01-8389,deringeydn@cornell.edu
493,1093273732,Bahls,Gwyneth,482-81-7463,gbahlsdo@china.com.cn
494,1447508668,Goaley,Cookie,672-91-1351,cgoaleydp@bloglovin.com
495,1831859941,Seagar,Rayner,611-11-6245,rseagardq@oaic.gov.au
496,1326477951,Sibray,Gaultiero,139-98-0818,gsibraydr@t-online.de
497,1730253626,Taplin,Hakeem,573-80-9267,htaplinds@ihg.com
498,1134406028,Woodier,Aurthur,859-87-4436,awoodierdt@vimeo.com
499,1447599774,Stolte,Dinny,539-78-6529,dstoltedu@furl.net
500,1982930483,Brunnen,Nellie,346-53-5418,nbrunnendv@zdnet.com
501,1184626897,Burtonshaw,Osborn,387-80-2433,oburtonshawdw@wp.com
502,1376850057,Ellicock,Pavlov,767-89-3441,pellicockdx@nps.gov
503,1124223235,Chaperlin,Bunny,428-64-8198,bchaperlindy@simplemachines.org
504,1154416360,Dew,Tabbie,863-60-0282,tdewdz@people.com.cn
505,1104456920,Murphy,Amberly,141-83-3306,amurphye0@friendfeed.com
506,1205290715,Hulls,Nadiya,376-98-9897,nhullse1@buzzfeed.com
507,1053664938,Phillip,Harwell,584-05-9359,hphillipe2@dell.com
508,1518417518,Fassbender,Mikel,721-55-8298,mfassbendere3@goodreads.com
509,1437927431,Hallbird,Janna,276-47-1207,jhallbirde4@nationalgeographic.com
510,1841686722,Hutt,Darcy,495-86-3183,dhutte5@symantec.com
511,1104991801,Dorr,Webster,898-06-3634,wdorre6@independent.co.uk
512,1972745172,Randles,Kellyann,384-80-9734,krandlese7@redcross.org
513,1003387820,Doogood,Binny,100-73-0606,bdoogoode8@opera.com
514,1629118856,Dmisek,Karee,399-11-4446,kdmiseke9@independent.co.uk
515,1063786465,Ditty,Cass,318-94-3665,cdittyea@51.la
516,1992870968,Raylton,Boy,276-28-2168,brayltoneb@imageshack.us
517,1497293625,Byfield,Anderson,447-31-1350,abyfieldec@gmpg.org
518,1124156757,Darragh,Jeremie,126-60-4310,jdarraghed@123-reg.co.uk
519,1174843254,Blinman,Binky,855-73-0296,bblinmanee@quantcast.com
520,1154930824,Itter,Caryl,607-08-2695,citteref@dailymail.co.uk
521,1912548355,Aiers,Ashil,711-79-2824,aaierseg@gnu.org
522,1457489684,Stilly,Mozelle,424-83-4259,mstillyeh@jiathis.com
523,1679399836,Dewane,Jaimie,117-89-7954,jdewaneei@oracle.com
524,1538540877,Moscon,Gertrud,763-02-0606,gmosconej@hubpages.com
525,1861078685,Steadman,Karola,592-23-5450,ksteadmanek@google.pl
526,1962611251,Dunkerly,Winfred,490-22-4754,wdunkerlyel@mozilla.com
527,1669490496,Trebilcock,Winnah,344-07-2330,wtrebilcockem@51.la
528,1952452815,Butteris,Terrijo,820-27-7079,tbutterisen@addtoany.com
529,1659303337,Ogborn,Garey,140-64-1586,gogborneo@imgur.com
530,1972247799,Goodbody,Marysa,853-40-9232,mgoodbodyep@gmpg.org
531,1053781625,Stickney,Nevins,331-15-8667,nstickneyeq@jugem.jp
532,1528036290,Pleaden,Winslow,181-36-8940,wpleadener@domainmarket.com
533,1932584802,Joss,Reese,319-68-6964,rjosses@miibeian.gov.cn
534,1891979845,Pavelka,Kris,885-07-7800,kpavelkaet@canalblog.com
535,1528208204,Cars,Glynis,568-49-2682,gcarseu@globo.com
536,1629143003,Ballingal,Shepherd,513-46-9526,sballingalev@ebay.co.uk
537,1265739288,Fransson,Margret,677-34-9189,mfranssonew@twitpic.com
538,1861566218,Chesser,Janette,406-21-1822,jchesserex@amazon.co.jp
539,1356344071,Lotterington,Darcy,757-18-1069,dlotteringtoney@boston.com
540,1225172398,McGrey,Rochester,391-18-6736,rmcgreyez@mapquest.com
541,1467434225,Rudall,Deane,831-43-7816,drudallf0@cnn.com
542,1336378132,Mac Giolla Pheadair,Legra,431-48-6797,lmacgiollapheadairf1@weather.com
543,1508951005,Hammond,Chandal,390-34-6214,chammondf2@wikia.com
544,1386722312,Rideout,Willyt,769-33-4409,wrideoutf3@army.mil
545,1568069581,Brimman,Ranna,240-61-5253,rbrimmanf4@eventbrite.com
546,1194772087,Eddisforth,Constantina,217-44-5113,ceddisforthf5@cam.ac.uk
547,1932360930,Mudie,Iago,598-81-5827,imudief6@issuu.com
548,1770157083,Fenby,Whitney,565-36-3705,wfenbyf7@shareasale.com
549,1568094332,Thomen,Chloris,263-28-6181,cthomenf8@ed.gov
550,1982818845,Fonzo,Austina,674-94-7733,afonzof9@irs.gov
551,1215059555,Belchamber,Cecilius,334-37-7528,cbelchamberfa@google.ru
552,1699196212,Muckeen,Oralle,404-79-8776,omuckeenfb@house.gov
553,1467511790,Trahar,Jewell,790-16-8121,jtraharfc@reverbnation.com
554,1841264868,Josefs,Dew,213-85-9908,djosefsfd@topsy.com
555,1629090493,Tugman,Trenna,537-83-8054,ttugmanfe@hud.gov
556,1043722986,Crosser,Drucie,126-55-5518,dcrosserff@a8.net
557,1386838035,Hymer,Ashlin,167-37-5461,ahymerfg@discovery.com
558,1174560304,Brearty,Regina,581-28-3202,rbreartyfh@rakuten.co.jp
559,1134964315,Rookesby,Webster,216-68-5651,wrookesbyfi@topsy.com
560,1386679793,Merigeau,Roxane,662-02-3526,rmerigeaufj@cocolog-nifty.com
561,1306056056,Menezes,Lefty,614-01-9186,lmenezesfk@discovery.com
562,1427205798,Moorwood,Justinn,218-97-9079,jmoorwoodfl@dyndns.org
563,1891898300,Goldie,Terri,788-13-2814,tgoldiefm@cisco.com
564,1871679993,Biaggiotti,Merill,590-24-2896,mbiaggiottifn@deliciousdays.com
565,1417403569,Sturr,Roseann,347-70-8750,rsturrfo@apple.com
566,1588736656,Restieaux,Silvanus,493-88-7700,srestieauxfp@uol.com.br
567,1750507752,Soame,Violette,632-58-2791,vsoamefq@pcworld.com
568,1871527499,Tindle,Solly,372-43-6841,stindlefr@china.com.cn
569,1437179710,Hugnet,Renato,585-44-3379,rhugnetfs@mozilla.com
570,1710690532,Ogley,Ingra,800-07-9920,iogleyft@guardian.co.uk
571,1073794517,Rhys,Fredra,360-71-5058,frhysfu@merriam-webster.com
572,1841328549,Shawell,Beverley,187-86-0627,bshawellfv@facebook.com
573,1235178435,Welberry,Giulia,100-90-1633,gwelberryfw@ucoz.ru
574,1992253736,McAmish,Tadeas,664-80-7430,tmcamishfx@senate.gov
575,1508582032,Paulack,Kakalina,194-34-3616,kpaulackfy@freewebs.com
576,1346745015,Josilowski,Arlan,353-16-6778,ajosilowskifz@is.gd
577,1174636021,Feavers,Whitman,342-90-2696,wfeaversg0@wikia.com
578,1003998956,Firth,Kai,161-26-3462,kfirthg1@chronoengine.com
579,1235614983,Mellers,Edy,600-74-1542,emellersg2@ifeng.com
580,1619400785,Paget,Kim,684-42-9109,kpagetg3@plala.or.jp
581,1629276209,Jancik,Tory,804-30-6089,tjancikg4@nymag.com
582,1336107655,Blanko,Jaime,254-15-7873,jblankog5@businessinsider.com
583,1770541419,Wadhams,Dewain,488-41-4254,dwadhamsg6@indiatimes.com
584,1144222365,Giovani,Willetta,703-57-4596,wgiovanig7@newsvine.com
585,1710611124,De Vaux,Freddy,783-55-7593,fdevauxg8@princeton.edu
586,1568534840,Sulley,Dian,350-16-7137,dsulleyg9@amazon.com
587,1932434925,Growy,Gaye,676-25-9780,ggrowyga@theglobeandmail.com
588,1720578214,Penchen,Kitti,382-88-4587,kpenchengb@gizmodo.com
589,1083761860,Nan Carrow,Jaquelyn,696-85-2960,jnancarrowgc@123-reg.co.uk
590,1619758828,Fritchly,Barbara-anne,663-17-1076,bfritchlygd@usda.gov
591,1417150327,Swidenbank,Yale,746-04-5468,yswidenbankge@disqus.com
592,1225025836,Pollack,Marcelo,714-46-0020,mpollackgf@ox.ac.uk
593,1518380450,Abdey,Jacquelynn,380-69-3534,jabdeygg@printfriendly.com
594,1578290946,Robbie,Ricki,363-50-1153,rrobbiegh@elpais.com
595,1265523997,Deetlof,Doreen,529-80-7942,ddeetlofgi@umich.edu
596,1700809027,Jagson,Kristen,696-27-2479,kjagsongj@disqus.com
597,1245659754,Donoghue,Cletis,298-66-6083,cdonoghuegk@networksolutions.com
598,1396856829,Gomer,Elberta,643-03-8237,egomergl@miibeian.gov.cn
599,1023601093,Perigeaux,Fernanda,831-60-2680,fperigeauxgm@last.fm
600,1669847943,Ivey,Celestyna,752-67-6685,civeygn@theglobeandmail.com
601,1427297712,Asser,Lemmy,325-12-4463,lassergo@pinterest.com
602,1477971521,Hammer,Con,279-27-1353,chammergp@buzzfeed.com
603,1356594253,Morison,Uta,651-38-6427,umorisongq@rediff.com
604,1194008359,Vlahos,Moina,224-84-9731,mvlahosgr@usatoday.com
605,1730402249,Bazoge,Luella,152-20-5695,lbazogegs@tinyurl.com
606,1023067071,Delleschi,Orsa,413-51-1209,odelleschigt@reuters.com
607,1073544169,Mowbury,Fannie,832-92-0879,fmowburygu@nbcnews.com
608,1639314941,Aizikovich,Gaspard,809-08-1519,gaizikovichgv@webeden.co.uk
609,1245224617,Mc Ilory,Nessie,834-38-6576,nmcilorygw@businesswire.com
610,1801920483,Pixton,Rubetta,200-59-7606,rpixtongx@alexa.com
611,1578061131,Clowley,Salomon,556-02-7072,sclowleygy@sakura.ne.jp
612,1982972493,Lindores,Kamillah,525-60-7009,klindoresgz@vistaprint.com
613,1487656294,Fyall,Rudy,497-87-4727,rfyallh0@aboutads.info
614,1770967234,Leonardi,Mikael,298-81-6068,mleonardih1@discuz.net
615,1083912265,Riseborough,Trista,133-76-8653,triseboroughh2@example.com
616,1649494188,Harston,Cherri,181-49-3827,charstonh3@slate.com
617,1700081254,Alfonso,Myer,151-39-6238,malfonsoh4@webnode.com
618,1770539546,Sinkin,Jilly,793-12-7579,jsinkinh5@npr.org
619,1225593924,Pauli,Vidovic,694-74-5452,vpaulih6@npr.org
620,1568692689,Ricciardiello,Lilah,448-28-8662,lricciardielloh7@lycos.com
621,1174620629,Le Lievre,Samaria,627-49-7791,slelievreh8@tiny.cc
622,1609990928,Mazzilli,Dillon,471-77-6990,dmazzillih9@admin.ch
623,1568599033,Churchill,Alexandre,135-03-1770,achurchillha@theglobeandmail.com
624,1568874287,Applewhaite,Kris,120-98-3126,kapplewhaitehb@flavors.me
625,1558690768,Sattin,Pietrek,749-04-7255,psattinhc@senate.gov
626,1134905466,Kroll,Sherlock,395-38-6976,skrollhd@hibu.com
627,1194812727,Pillifant,Peter,684-28-4694,ppillifanthe@liveinternet.ru
628,1265814107,Stannett,Stacee,248-20-2705,sstannetthf@epa.gov
629,1477578201,Deex,Clareta,632-79-1299,cdeexhg@google.com.au
630,1013222512,McCartan,Claudio,871-63-5230,cmccartanhh@lulu.com
631,1366527954,Sedger,Natalie,572-80-4225,nsedgerhi@wikimedia.org
632,1386176295,Podbury,Stephani,502-89-4826,spodburyhj@youtu.be
633,1538916101,McGibbon,Cassandra,209-62-2594,cmcgibbonhk@edublogs.org
634,1710159934,Epton,Shel,233-71-9319,septonhl@mlb.com
635,1952527830,Coverdill,Phil,855-78-6554,pcoverdillhm@japanpost.jp
636,1285066514,Haimes,Alayne,486-06-9635,ahaimeshn@usgs.gov
637,1558899252,Krysztofiak,Rose,411-07-1516,rkrysztofiakho@canalblog.com
638,1871543322,Ponte,Zelma,507-40-1998,zpontehp@domainmarket.com
639,1508031055,Dautry,Tarrah,138-44-9897,tdautryhq@state.tx.us
640,1073339412,Yetts,Roseanna,207-63-9381,ryettshr@answers.com
641,1215262548,McVanamy,Domenic,817-95-2180,dmcvanamyhs@dot.gov
642,1033705074,Drawmer,Larisa,451-49-5125,ldrawmerht@woothemes.com
643,1225164247,Tregust,Clyde,167-87-2939,ctregusthu@goo.gl
644,1477857944,Messier,Henrietta,324-31-2589,hmessierhv@cargocollective.com
645,1982695441,Kemish,Cherise,879-37-7726,ckemishhw@washingtonpost.com
646,1508904475,Alen,Yvonne,653-55-7063,yalenhx@shareasale.com
647,1598773079,Tanzig,Rosa,601-57-5864,rtanzighy@aboutads.info
648,1902842073,Deschelle,Ronni,865-35-8990,rdeschellehz@photobucket.com
649,1730487927,Molyneaux,Hobard,391-49-2601,hmolyneauxi0@delicious.com
650,1821091851,Kearford,Martelle,772-17-4879,mkearfordi1@google.ru
651,1851605224,Berr,Nata,293-83-9970,nberri2@hubpages.com
652,1053659904,Axten,Lucretia,292-82-9715,laxteni3@jugem.jp
653,1942300918,Bloor,Francois,477-71-1705,fbloori4@goodreads.com
654,1770871824,Scrange,Jamil,850-53-1582,jscrangei5@ovh.net
655,1043207566,Banton,Clerc,743-36-7456,cbantoni6@msu.edu
656,1871564385,Baldazzi,Elberta,424-60-7878,ebaldazzii7@ucoz.com
657,1346735164,Eustes,Tris,649-96-4099,teustesi8@tuttocitta.it
658,1043610769,Gniewosz,Faina,443-96-3961,fgniewoszi9@bandcamp.com
659,1710041694,Molan,Kristen,631-73-0614,kmolania@cyberchimps.com
660,1962596056,Le Borgne,Clari,411-69-9831,cleborgneib@hugedomains.com
661,1871255810,Crighton,Van,390-13-2524,vcrightonic@marriott.com
662,1265741227,Widdecombe,Devora,295-12-6622,dwiddecombeid@harvard.edu
663,1245608595,Franks,Christie,303-84-8720,cfranksie@topsy.com
664,1053481630,Beardshall,Giuseppe,668-68-1099,gbeardshallif@unicef.org
665,1245226190,Paynes,Cherice,486-12-2408,cpaynesig@eepurl.com
666,1760608061,Isaac,Edy,447-52-8834,eisaacih@seesaa.net
667,1952408353,Pinyon,Kendricks,557-64-6455,kpinyonii@plala.or.jp
668,1275716078,Sherreard,Fey,121-15-8132,fsherreardij@cmu.edu
669,1063096832,Bowie,Halette,827-52-0348,hbowieik@liveinternet.ru
670,1184869760,Teresa,Winfield,351-56-0138,wteresail@smh.com.au
671,1891803722,Wellard,Janaye,352-23-4312,jwellardim@aol.com
672,1760493225,Marages,Jacintha,696-05-0145,jmaragesin@furl.net
673,1821042870,Shakespear,Kristin,158-90-7718,kshakespeario@telegraph.co.uk
674,1750308631,Creffeild,Timofei,627-02-9630,tcreffeildip@shutterfly.com
675,1841358215,Ridgley,Giusto,673-95-6389,gridgleyiq@sciencedaily.com
676,1720202864,Cazereau,Jana,484-04-5839,jcazereauir@si.edu
677,1093356115,Sheach,Benoit,796-56-2886,bsheachis@yolasite.com
678,1457874497,Rupke,Alexandre,548-42-7234,arupkeit@examiner.com
679,1235471954,Kock,Colman,182-78-7929,ckockiu@google.ru
680,1639296395,Ivanishev,Brynne,262-52-3901,bivanisheviv@flavors.me
681,1720259385,Hembry,Romola,102-34-9435,rhembryiw@moonfruit.com
682,1659527059,Oughtright,Felix,529-95-6559,foughtrightix@mashable.com
683,1972789667,Cahalan,Derrik,308-79-5110,dcahalaniy@bravesites.com
684,1407990088,Presley,Casandra,523-04-0509,cpresleyiz@wp.com
685,1790218923,Wimpeney,Hinda,599-74-8325,hwimpeneyj0@ucsd.edu
686,1134166820,Terese,Rosetta,406-11-3628,rteresej1@webmd.com
687,1316364953,Haughin,Morly,225-84-2232,mhaughinj2@si.edu
688,1689090995,Redfearn,Caralie,246-79-1763,credfearnj3@about.com
689,1689050783,Ferencz,Feodora,199-63-6305,fferenczj4@shutterfly.com
690,1821196486,Coare,Viki,258-11-2107,vcoarej5@livejournal.com
691,1619969417,Keoghane,Jourdan,571-70-4770,jkeoghanej6@timesonline.co.uk
692,1407805971,Hackworth,Marylinda,834-86-3277,mhackworthj7@over-blog.com
693,1396283453,Epgrave,Lucias,119-68-4923,lepgravej8@gnu.org
694,1831116342,Glacken,Inez,477-85-7639,iglackenj9@so-net.ne.jp
695,1366676769,Cossell,Mitch,727-68-5332,mcossellja@tmall.com
696,1023480225,Gentric,Bartholemy,370-44-5178,bgentricjb@typepad.com
697,1114327657,Hutcheson,Ethelred,368-57-5223,ehutchesonjc@wikimedia.org
698,1396026423,Indge,Guido,326-15-7361,gindgejd@huffingtonpost.com
699,1750697330,Littleover,Josey,599-64-1396,jlittleoverje@t.co
700,1669238663,Munsey,Lara,478-46-3906,lmunseyjf@pinterest.com
701,1871675934,Venners,Twila,375-44-4767,tvennersjg@indiatimes.com
702,1639354475,Saker,Carmela,190-93-5505,csakerjh@blog.com
703,1770869257,Beverstock,Rab,854-81-1125,rbeverstockji@usa.gov
704,1104883586,Glyde,Debora,746-05-4693,dglydejj@yellowbook.com
705,1023179298,Rawlins,Irwinn,398-61-6099,irawlinsjk@eventbrite.com
706,1881799567,Kelberer,Tye,184-24-5565,tkelbererjl@bloomberg.com
707,1922135367,Heales,Cecilia,176-29-7538,chealesjm@paginegialle.it
708,1407298144,Gerriet,Marchelle,131-08-9936,mgerrietjn@wikipedia.org
709,1477088904,Pollett,Lothario,550-60-6560,lpollettjo@w3.org
710,1528050655,Vasiljevic,Sonny,575-16-3592,svasiljevicjp@edublogs.org
711,1942412002,Kivelhan,Hieronymus,490-25-6703,hkivelhanjq@usatoday.com
712,1265808232,Jorden,Audra,551-14-1088,ajordenjr@list-manage.com
713,1700230232,Hatchette,Antoinette,433-21-1533,ahatchettejs@networkadvertising.org
714,1376824243,Butterwick,Amory,198-40-3763,abutterwickjt@oakley.com
715,1386733681,Richel,Merralee,294-53-5455,mrichelju@about.me
716,1588751796,Rive,Beatrix,383-57-0261,brivejv@scientificamerican.com
717,1427146430,Misson,Joe,382-30-4771,jmissonjw@stumbleupon.com
718,1336375880,Westmancoat,Kerianne,260-81-9892,kwestmancoatjx@independent.co.uk
719,1841454121,Fearfull,Imojean,235-72-8999,ifearfulljy@amazon.co.jp
720,1124266762,Kinahan,Delilah,242-15-2661,dkinahanjz@comsenz.com
721,1043245483,Emanson,Nerty,604-78-8288,nemansonk0@house.gov
722,1962090134,Batters,Shep,800-06-1817,sbattersk1@bluehost.com
723,1568954535,Duddell,Aubrie,883-60-8173,aduddellk2@npr.org
724,1134299068,Rulton,Jack,401-77-3126,jrultonk3@vk.com
725,1285655811,Persence,Adam,567-94-7635,apersencek4@samsung.com
726,1619326014,Treece,Trip,404-98-9560,ttreecek5@ca.gov
727,1508810722,Hinstridge,Clem,410-57-7743,chinstridgek6@exblog.jp
728,1609894468,Call,Madeline,269-27-0577,mcallk7@google.co.uk
729,1750872867,D'Adda,Vincent,507-75-4846,vdaddak8@biblegateway.com
730,1588422547,Christensen,Fanechka,820-11-2416,fchristensenk9@cdc.gov
731,1093985814,Sadry,Genvieve,126-48-9106,gsadryka@ustream.tv
732,1679847990,Shackelton,Tricia,599-54-6809,tshackeltonkb@imageshack.us
733,1407877723,Coppens,Yelena,220-29-1055,ycoppenskc@exblog.jp
734,1255374377,Kemmey,Dilly,308-01-4496,dkemmeykd@theglobeandmail.com
735,1174955033,Mattin,Lorene,300-15-1772,lmattinke@hp.com
736,1184966657,Pulbrook,Theodore,612-63-7158,tpulbrookkf@cnet.com
737,1700421906,Altree,Jaquith,430-04-8000,jaltreekg@canalblog.com
738,1831284280,Nyssens,Annelise,355-68-2674,anyssenskh@patch.com
739,1982371282,Franken,Jazmin,150-53-4582,jfrankenki@privacy.gov.au
740,1780942664,Searle,Enos,699-63-3388,esearlekj@parallels.com
741,1235208760,Strowthers,Tymon,863-09-0666,tstrowtherskk@intel.com
742,1093929390,Brankley,Leif,654-15-0753,lbrankleykl@odnoklassniki.ru
743,1497776231,Hebbron,Winni,380-26-1771,whebbronkm@amazon.com
744,1568658151,Glanville,Alta,797-86-3326,aglanvillekn@alexa.com
745,1649435900,Dillestone,Ransom,576-01-8468,rdillestoneko@hp.com
746,1427641224,Tomowicz,Dugald,622-03-1484,dtomowiczkp@businessweek.com
747,1285990135,Keay,Karlotta,860-21-3019,kkeaykq@newsvine.com
748,1043585433,Restall,Ernst,763-23-4371,erestallkr@youtube.com
749,1912301573,Bogies,Manuel,585-82-1186,mbogiesks@free.fr
750,1104999044,Martell,Ber,538-77-0478,bmartellkt@google.com.au
751,1639997182,John,Zelda,189-65-9275,zjohnku@infoseek.co.jp
752,1558616516,Berkelay,Kendal,776-67-7072,kberkelaykv@weibo.com
753,1841234283,Novello,Marilin,318-32-2462,mnovellokw@wisc.edu
754,1982711321,Dalwood,Edmund,242-70-6341,edalwoodkx@chicagotribune.com
755,1417183328,Dogg,Danya,334-08-9190,ddoggky@shop-pro.jp
756,1235789140,Korf,Irita,660-90-4996,ikorfkz@cisco.com
757,1043766611,Boyford,Mord,603-08-5283,mboyfordl0@archive.org
758,1578371621,Camamile,Crysta,306-92-8549,ccamamilel1@nifty.com
759,1619934551,Steen,Leandra,698-39-0269,lsteenl2@vimeo.com
760,1053899542,Dodwell,Imojean,110-39-9747,idodwelll3@techcrunch.com
761,1326442419,Hallaways,Odey,350-54-3189,ohallawaysl4@seattletimes.com
762,1497187223,Bushell,Florette,329-20-1322,fbushelll5@loc.gov
763,1972613941,Fidell,Fan,433-11-3308,ffidelll6@quantcast.com
764,1124090659,Farmer,Auria,187-42-0905,afarmerl7@wikispaces.com
765,1568532133,Strickler,Desmond,613-37-0314,dstricklerl8@parallels.com
766,1588199434,Sibthorp,Diannne,390-25-5010,dsibthorpl9@wordpress.com
767,1144415480,Spini,Calv,134-65-3550,cspinila@nhs.uk
768,1790094159,Braney,Rosalia,469-51-4293,rbraneylb@ted.com
769,1215494141,De Haven,Raina,573-71-9903,rdehavenlc@istockphoto.com
770,1154832434,Brunini,Sarah,518-54-0995,sbruninild@berkeley.edu
771,1255579546,MacMeanma,Lindy,752-96-0831,lmacmeanmale@aol.com
772,1023557113,Richfield,Miranda,433-20-5882,mrichfieldlf@seesaa.net
773,1114119765,Cock,Cassie,331-19-1599,ccocklg@nifty.com
774,1003857434,Windus,Zonda,524-98-6691,zwinduslh@ocn.ne.jp
775,1073299574,Bedenham,Norah,762-56-5752,nbedenhamli@photobucket.com
776,1679624407,Billsberry,Genia,877-40-6961,gbillsberrylj@netvibes.com
777,1780015842,Rosengarten,Haley,891-01-9147,hrosengartenlk@typepad.com
778,1164655981,Maunsell,Alberta,704-17-7616,amaunsellll@multiply.com
779,1508623398,Coope,Anthia,623-27-8831,acoopelm@sitemeter.com
780,1295993178,Scrimgeour,Matthus,428-26-9739,mscrimgeourln@ask.com
781,1790045078,Billison,Leonanie,119-61-8811,lbillisonlo@examiner.com
782,1013070283,Kilfeder,Homere,321-15-5795,hkilfederlp@samsung.com
783,1558660464,Clampton,Karilynn,332-95-3934,kclamptonlq@booking.com
784,1275991556,Pittam,Joell,152-48-8312,jpittamlr@gov.uk
785,1639192537,Gillebride,Vallie,709-17-8329,vgillebridels@shutterfly.com
786,1396854543,Bernholt,Nancie,285-01-7681,nbernholtlt@addthis.com
787,1770294977,Tampling,Dominique,602-47-5773,dtamplinglu@nationalgeographic.com
788,1124170691,Stenyng,Finn,101-99-5648,fstenynglv@yahoo.co.jp
789,1114604691,Jostan,Lyndsey,573-52-2166,ljostanlw@oracle.com
790,1710231816,Roelvink,Nikolia,172-99-9258,nroelvinklx@networksolutions.com
791,1366518383,Bean,Prissie,386-18-7826,pbeanly@ebay.co.uk
792,1770537730,MacHarg,Kristine,827-17-5949,kmacharglz@sfgate.com
793,1275975104,Hummerston,Angy,592-94-8499,ahummerstonm0@biglobe.ne.jp
794,1073752143,Adlam,Javier,160-23-0633,jadlamm1@earthlink.net
795,1154571354,Southcomb,Jeri,623-33-2539,jsouthcombm2@about.me
796,1245514017,Marshalleck,Bradan,705-35-5256,bmarshalleckm3@dion.ne.jp
797,1659139434,MacVay,Chrystel,147-91-4786,cmacvaym4@answers.com
798,1841035771,Ainscow,Amalle,107-93-2458,aainscowm5@google.es
799,1225482490,Thickpenny,Breena,589-28-6278,bthickpennym6@msn.com
800,1942270566,Hayball,Ambros,313-19-3987,ahayballm7@google.com.au
801,1053385096,Galbraeth,Tybi,326-77-0473,tgalbraethm8@alibaba.com
802,1164407763,Fatscher,Tomasina,885-74-5214,tfatscherm9@nationalgeographic.com
803,1164934188,De Angelis,Gaile,398-15-3562,gdeangelisma@house.gov
804,1366942831,Cossington,Siegfried,841-31-4632,scossingtonmb@amazon.com
805,1730758558,Bushen,Caroline,813-25-4907,cbushenmc@about.com
806,1437542743,Stockin,Dyanna,412-73-0385,dstockinmd@is.gd
807,1437297207,Krahl,Kip,241-51-3743,kkrahlme@ning.com
808,1013197060,Reisin,Wolfgang,452-75-0676,wreisinmf@google.pl
809,1053194613,Roderighi,Elsey,833-70-5933,eroderighimg@hp.com
810,1184807505,Newlands,Menard,291-97-9647,mnewlandsmh@alibaba.com
811,1861759961,Nealy,Tandy,887-78-5854,tnealymi@360.cn
812,1255876652,Palley,Francklin,332-83-4822,fpalleymj@etsy.com
813,1053388256,Michelin,Rheba,788-99-1339,rmichelinmk@ucla.edu
814,1285280057,Mansuer,Issi,459-04-9165,imansuerml@intel.com
815,1346316973,MacConneely,Holli,624-54-2369,hmacconneelymm@csmonitor.com
816,1083797393,O'Driscole,Giulia,361-98-6153,godriscolemn@google.it
817,1417213851,Kinnen,Elka,563-58-3817,ekinnenmo@free.fr
818,1467879569,Pill,Becky,484-64-5531,bpillmp@blogs.com
819,1861433963,Baradel,Ealasaid,528-93-6027,ebaradelmq@alexa.com
820,1629013487,Anthoney,Rhea,862-91-9330,ranthoneymr@tinyurl.com
821,1992950976,Clout,Chelsy,179-85-4363,ccloutms@webeden.co.uk
822,1700061504,Blenkensop,Jerri,866-02-9349,jblenkensopmt@yolasite.com
823,1134550585,Southers,Wini,730-25-2633,wsouthersmu@si.edu
824,1972963254,Clohisey,Bianca,722-63-6203,bclohiseymv@cam.ac.uk
825,1255744660,O'Loughane,Rowe,477-78-0656,roloughanemw@illinois.edu
826,1447244256,Skipton,Ludovika,480-09-4413,lskiptonmx@npr.org
827,1952453649,Phillcock,Beverie,321-51-4604,bphillcockmy@google.co.jp
828,1285685743,Simonitto,Albertina,392-55-5974,asimonittomz@i2i.jp
829,1467456814,Jemmett,Marigold,749-94-0601,mjemmettn0@cnet.com
830,1699019216,Chang,Chandler,598-53-7479,cchangn1@walmart.com
831,1487956181,McCumesky,Chrystel,115-10-6445,cmccumeskyn2@devhub.com
832,1053589697,Denholm,Lou,361-74-4829,ldenholmn3@surveymonkey.com
833,1780706994,Joesbury,Nerta,662-99-8028,njoesburyn4@princeton.edu
834,1790904175,Guice,Ardyth,514-06-4683,aguicen5@dell.com
835,1659523314,Ioannidis,Larina,830-57-6452,lioannidisn6@webeden.co.uk
836,1609813625,Filchakov,Augusta,375-02-3624,afilchakovn7@ustream.tv
837,1194829580,Faircliff,Willy,742-85-4956,wfaircliffn8@github.com
838,1114026820,Rosberg,Cornelle,585-36-2747,crosbergn9@yellowpages.com
839,1114254190,Barrett,Rabi,634-79-8940,rbarrettna@alibaba.com
840,1497044333,Reskelly,Nissa,492-36-1674,nreskellynb@altervista.org
841,1124475629,Edelheid,Markus,465-91-9822,medelheidnc@dell.com
842,1114953510,Stranaghan,Inez,886-82-3696,istranaghannd@unicef.org
843,1356336069,Hardwick,Ly,763-95-3068,lhardwickne@smh.com.au
844,1518037886,Ipsgrave,Regan,399-50-5194,ripsgravenf@craigslist.org
845,1245653963,Petrozzi,Marisa,575-07-6136,mpetrozzing@google.com.hk
846,1821616269,Brend,Mala,495-02-7648,mbrendnh@freewebs.com
847,1891149498,Pretty,Burtie,213-55-2799,bprettyni@washingtonpost.com
848,1033873740,Tallyn,Maryjo,741-78-7818,mtallynnj@pbs.org
849,1750324497,Symcoxe,Roi,596-93-7418,rsymcoxenk@weebly.com
850,1104029180,Gunter,Webster,335-78-1144,wgunternl@lulu.com
851,1972055036,Morit,Tasia,693-46-4370,tmoritnm@sohu.com
852,1467654590,Toghill,Jody,677-28-1019,jtoghillnn@vk.com
853,1841354743,Vahl,Annice,394-71-4676,avahlno@yellowpages.com
854,1689409245,Shipsey,Kandace,624-40-3068,kshipseynp@flavors.me
855,1174653752,Reuven,Bruce,473-33-0445,breuvennq@com.com
856,1386676799,Marzello,Kayne,252-17-1900,kmarzellonr@nih.gov
857,1063779205,Linzey,Ellis,626-88-7516,elinzeyns@imdb.com
858,1447616354,Main,Dave,425-66-5522,dmainnt@nih.gov
859,1013090372,Cornelisse,Francesco,295-11-9595,fcornelissenu@goodreads.com
860,1821262163,Batham,Mord,326-42-8235,mbathamnv@mac.com
861,1871254599,Cressey,Joellen,504-94-0125,jcresseynw@hubpages.com
862,1861134546,Bolzmann,Nevins,272-68-4017,nbolzmannnx@cpanel.net
863,1346213469,Meron,Emma,433-52-4221,emeronny@theguardian.com
864,1871708537,Rajchert,Annie,746-01-9390,arajchertnz@linkedin.com
865,1417481854,Draysey,Mahala,370-63-9450,mdrayseyo0@senate.gov
866,1265581029,Hudspith,Clem,257-12-8162,chudspitho1@flavors.me
867,1114288131,Dickenson,Clemmy,377-20-1900,cdickensono2@booking.com
868,1518308295,Schultes,Sidonnie,264-60-5633,sschulteso3@fema.gov
869,1760535702,Canet,Celinda,544-99-5679,ccaneto4@hatena.ne.jp
870,1700275633,Luberti,Maurie,392-81-1689,mlubertio5@wikipedia.org
871,1598289316,Blade,Clarette,863-45-0404,cbladeo6@typepad.com
872,1578560504,Dumbelton,Isidora,199-19-1971,idumbeltono7@furl.net
873,1508014432,Locarno,Brod,691-10-5100,blocarnoo8@addtoany.com
874,1417193301,Titman,Corbin,844-35-0690,ctitmano9@bbc.co.uk
875,1427067776,Chadwell,Hallie,225-44-1462,hchadwelloa@chronoengine.com
876,1730448242,Kagan,Molli,409-29-0636,mkaganob@weibo.com
877,1255943114,Spikins,Isabelle,383-76-4856,ispikinsoc@moonfruit.com
878,1407903727,Wardesworth,Jaime,315-38-8925,jwardesworthod@yellowpages.com
879,1598981847,Garfath,Noami,749-88-2772,ngarfathoe@sciencedaily.com
880,1831202720,Bibb,Viviyan,829-85-3672,vbibbof@wikipedia.org
881,1154655884,Sainsbury-Brown,Amerigo,564-05-2219,asainsburybrownog@123-reg.co.uk
882,1790302172,Sponder,Bliss,625-23-6974,bsponderoh@reverbnation.com
883,1538542006,Glazer,Shell,689-23-4101,sglazeroi@bluehost.com
884,1518102235,Sieur,Christy,322-59-6435,csieuroj@huffingtonpost.com
885,1538265343,Rhydderch,Laurena,213-58-2867,lrhydderchok@toplist.cz
886,1700872173,Lamball,Valli,304-34-1421,vlamballol@mtv.com
887,1902635865,Baiden,Harv,465-28-4776,hbaidenom@163.com
888,1548870777,Koche,Jonathon,286-16-0992,jkocheon@google.nl
889,1437887056,Lerwill,Mireille,717-51-1894,mlerwilloo@tumblr.com
890,1700152006,Yukhnevich,Lynna,722-25-6435,lyukhnevichop@eepurl.com
891,1609213552,Kilkenny,Denise,508-27-8678,dkilkennyoq@wordpress.org
892,1619693926,Kleinert,Janene,632-28-5386,jkleinertor@comsenz.com
893,1669295721,Eccleshare,Cordi,653-26-7165,ceccleshareos@freewebs.com
894,1780710681,Claasen,Cullin,750-70-3212,cclaasenot@scribd.com
895,1841497831,Peoples,Dmitri,654-55-3409,dpeoplesou@google.it
896,1982933313,Stevings,Vern,255-21-7796,vstevingsov@phpbb.com
897,1346440542,Illwell,Gardy,367-01-4707,gillwellow@eepurl.com
898,1467679902,Boriston,Sammy,303-24-0967,sboristonox@yellowpages.com
899,1225031446,Soitoux,Alverta,316-35-1152,asoitouxoy@newyorker.com
900,1790119899,Snasel,Sonia,134-50-3939,ssnaseloz@sphinn.com
901,1407276934,Tregunna,Donella,867-50-1020,dtregunnap0@wikispaces.com
902,1013946979,Frake,Timmie,277-15-2810,tfrakep1@wikispaces.com
903,1447268495,Crispe,Sean,641-98-8643,scrispep2@yahoo.co.jp
904,1487931432,Shorey,Heloise,552-68-3088,hshoreyp3@si.edu
905,1730755059,Panyer,Perren,555-31-4622,ppanyerp4@bloglines.com
906,1184682528,Glasebrook,Nathanael,320-12-4077,nglasebrookp5@chronoengine.com
907,1881638203,Pooly,Calv,796-75-1982,cpoolyp6@infoseek.co.jp
908,1073298196,Ambrogetti,Davine,840-08-6276,dambrogettip7@digg.com
909,1669757217,Dufaur,Charlean,120-48-9949,cdufaurp8@list-manage.com
910,1811184401,Heinlein,El,657-94-5548,eheinleinp9@dropbox.com
911,1114789336,McGann,Lyda,296-33-1393,lmcgannpa@bizjournals.com
912,1609847870,Kmiec,Amery,208-94-3103,akmiecpb@nasa.gov
913,1427358035,Dackombe,Bradford,611-13-0024,bdackombepc@ebay.co.uk
914,1386822914,Grugerr,Tami,450-78-4076,tgrugerrpd@example.com
915,1225218837,Bielby,Cristin,155-72-9435,cbielbype@wired.com
916,1033508387,Laybourne,Les,448-96-4185,llaybournepf@senate.gov
917,1366428179,McIlwrick,Irita,188-46-0679,imcilwrickpg@newsvine.com
918,1417947706,Chaulk,Letty,144-26-1304,lchaulkph@google.com
919,1396858999,Rozea,Giusto,516-47-2283,grozeapi@tripod.com
920,1104066315,Booker,Nicole,611-54-4874,nbookerpj@mozilla.com
921,1083880637,Handman,Benny,480-99-7036,bhandmanpk@abc.net.au
922,1407532765,Cornes,Nettle,293-78-2917,ncornespl@tamu.edu
923,1649705690,Malin,Bob,561-06-2995,bmalinpm@yellowpages.com
924,1962092353,Tothe,Whitney,261-93-0265,wtothepn@dailymail.co.uk
925,1275825838,Blazewski,Friedrich,868-38-7938,fblazewskipo@engadget.com
926,1043675382,Jedraszczyk,Ware,656-55-3138,wjedraszczykpp@artisteer.com
927,1669493664,Sarney,Leanora,888-67-9106,lsarneypq@sbwire.com
928,1598708513,Atlay,Lydie,404-34-1902,latlaypr@topsy.com
929,1194267229,Robardet,Krystle,837-64-9741,krobardetps@engadget.com
930,1568841054,Silvers,Nadeen,110-87-1670,nsilverspt@java.com
931,1699384370,Larenson,Baxie,111-46-1111,blarensonpu@vistaprint.com
932,1063280170,Maps,Ranee,152-53-5621,rmapspv@fema.gov
933,1336223601,Midford,Boothe,365-43-4522,bmidfordpw@oaic.gov.au
934,1710432240,Ybarra,Kathryne,152-68-3285,kybarrapx@dropbox.com
935,1962705061,Buckney,Lonnard,574-28-3479,lbuckneypy@miibeian.gov.cn
936,1457587677,Paulley,Andrej,668-58-9247,apaulleypz@hc360.com
937,1083491955,Thing,Nathanael,571-61-9209,nthingq0@yellowpages.com
938,1871670083,Silvers,Greg,494-34-9882,gsilversq1@fastcompany.com
939,1992238687,Levesque,Em,847-86-2235,elevesqueq2@fema.gov
940,1548582778,Sigars,Clayborn,836-89-0419,csigarsq3@slashdot.org
941,1679916712,Spelwood,Gideon,493-79-1388,gspelwoodq4@blogs.com
942,1487656294,Shute,Alberik,239-70-9095,ashuteq5@yale.edu
943,1528281201,Aslett,Darsey,668-40-7513,daslettq6@addthis.com
944,1144693128,Leeder,Liane,776-53-9799,lleederq7@about.com
945,1043700404,Fontelles,Johnette,214-21-0307,jfontellesq8@boston.com
946,1396788428,Cheves,Stanislaus,159-60-2439,schevesq9@washington.edu
947,1841271368,Shillan,Ivor,591-61-8164,ishillanqa@comcast.net
948,1235127978,McArd,Kirby,629-27-2098,kmcardqb@lycos.com
949,1558910745,Van T'Hoog,Page,713-33-5106,pvanthoogqc@mayoclinic.com
950,1891043550,Staff,Llywellyn,494-53-3632,lstaffqd@bbc.co.uk
951,1780694646,Schankelborg,Nicola,589-09-1769,nschankelborgqe@sphinn.com
952,1356561393,Pirrie,Leyla,730-34-9088,lpirrieqf@harvard.edu
953,1932935475,Gaines,Lorrie,852-80-7743,lgainesqg@opensource.org
954,1982194338,Fruser,Kylila,842-72-6424,kfruserqh@weather.com
955,1477576437,Manhare,Dela,615-13-0395,dmanhareqi@phpbb.com
956,1568471696,Pentin,Kayley,131-04-4488,kpentinqj@angelfire.com
957,1619084332,Briston,Ram,730-79-5573,rbristonqk@dyndns.org
958,1043242456,Bolam,Corrie,555-24-8575,cbolamql@wix.com
959,1306302344,Sheddan,Cherie,444-46-1516,csheddanqm@jimdo.com
960,1629015698,Choudhury,Emmalee,157-61-7900,echoudhuryqn@last.fm
961,1306897277,Land,Jasmina,856-72-8801,jlandqo@networksolutions.com
962,1992812317,Shanks,Dar,312-51-4975,dshanksqp@squarespace.com
963,1699975607,Lytlle,Donnie,743-79-0313,dlytlleqq@chron.com
964,1588055529,O' Liddy,Gard,453-95-7574,goliddyqr@berkeley.edu
965,1093475469,Moquin,Timofei,260-95-7993,tmoquinqs@wikipedia.org
966,1053453415,Pontin,Obadiah,899-44-5629,opontinqt@altervista.org
967,1952468241,Ox,Darelle,468-48-5193,doxqu@wiley.com
968,1841701687,Clines,Gelya,202-32-8803,gclinesqv@ftc.gov
969,1003883158,Chatfield,Andie,536-46-4465,achatfieldqw@cafepress.com
970,1770646986,Puncher,Giorgia,276-66-3101,gpuncherqx@globo.com
971,1245895333,Klimowicz,Phyllis,727-80-9674,pklimowiczqy@dedecms.com
972,1861576183,Calway,Suki,235-75-9897,scalwayqz@nifty.com
973,1245641190,O' Brian,Dwain,429-11-7912,dobrianr0@squidoo.com
974,1275588329,Kerans,Mona,402-10-3045,mkeransr1@huffingtonpost.com
975,1760620132,McDugal,Lionello,749-56-6320,lmcdugalr2@dropbox.com
976,1861972655,Magne,Jefferson,546-22-4911,jmagner3@cmu.edu
977,1881799567,Roskell,Bryana,209-03-7758,broskellr4@cocolog-nifty.com
978,1952926206,Fenna,Dewain,453-48-0014,dfennar5@mysql.com
979,1376024075,Tiuit,Gail,618-25-6012,gtiuitr6@cargocollective.com
980,1437376829,Whitland,Obidiah,804-28-2020,owhitlandr7@google.com.hk
981,1821342817,Blinckhorne,Margarete,671-83-4098,mblinckhorner8@marketwatch.com
982,1629054283,Feldon,Calli,413-70-4188,cfeldonr9@cafepress.com
983,1861965600,Glas,Lara,848-86-5525,lglasra@mayoclinic.com
984,1760512057,Kiss,Lionello,291-43-8540,lkissrb@aol.com
985,1326091125,Selbach,Irvine,635-70-1437,iselbachrc@comcast.net
986,1932844651,Jenkinson,Theresita,586-31-9232,tjenkinsonrd@arstechnica.com
987,1790060606,Radnage,Paolo,670-42-3070,pradnagere@cnet.com
988,1225846660,Sewell,Lynette,789-07-9474,lsewellrf@scientificamerican.com
989,1396061552,Fontell,Tine,218-89-1963,tfontellrg@un.org
990,1922853753,Bannester,Vidovic,784-68-7726,vbannesterrh@comsenz.com
991,1093084659,Brewood,Parry,405-52-7371,pbrewoodri@dot.gov
992,1801957659,Cavey,Vinny,552-89-9448,vcaveyrj@cbc.ca
993,1730386384,Leech,Meier,798-44-4295,mleechrk@telegraph.co.uk
994,1275629917,MacMillan,Clarke,599-39-0456,cmacmillanrl@narod.ru
995,1366071631,Bettaney,Grady,894-90-6353,gbettaneyrm@sciencedaily.com
996,1881758753,Stancliffe,Donalt,131-48-4436,dstancliffern@pcworld.com
997,1578997789,Crick,Cindy,367-04-9052,ccrickro@census.gov
998,1023212438,Springell,Marcos,345-15-6854,mspringellrp@washingtonpost.com
999,1740966209,Cove,Anett,614-52-7271,acoverq@moonfruit.com
1000,1306914882,Rosso,Windham,528-91-9810,wrossorr@uol.com.br
